toma;plato;alimentos;gramos;notas
P;Plátano y batido;Plátano|Proteína en polvo|Tortitas de arroz integral;100|13|30;
P;Avena líquida;Leche semidesnatada|Copos de avena Hacendado|Tortitas de arroz integral;250|22|20;
P;De bolsillo;Pan de semillas|Crema de cacahuete|Proteína en polvo;50|9|10;
D;Tortitas de avena;Copos de avena Hacendado|Claras de huevo (brik)|Huevos|Leche semidesnatada|Plátano|Pan de semillas|Jamón serrano (lonchas)|Aceite de oliva virgen ex.|Crema de cacahuete|Creatina monohidrato|Zumo de naranja exprimido;55|150|65|150|100|100|50|10|20|5|200;Tortitas: avena, claras, el huevo y el plátano batidos. La creatina, en la leche
D;Salado;Huevos|Jamón serrano (lonchas)|Fuet|Pan de semillas|Aceite de oliva virgen ex.|Yogur natural|Plátano|Creatina monohidrato|Zumo de naranja exprimido;180|60|20|100|15|250|100|5|200;La creatina, en el yogur
D;Batido con prisa;Leche semidesnatada|Kéfir natural|Copos de avena Hacendado|Plátano|Crema de cacahuete|Proteína en polvo|Creatina monohidrato|Huevos|Pan de semillas|Zumo de naranja exprimido;150|200|55|100|20|30|5|120|100|200;Batido: leche, kéfir, avena, plátano, crema, proteína y creatina. Huevos cocidos y pan aparte
D;Avena con kéfir;Copos de avena Hacendado|Leche semidesnatada|Kéfir natural|Proteína en polvo|Creatina monohidrato|Huevos|Pan de semillas|Aceite de oliva virgen ex.|Jamón serrano (lonchas)|Plátano|Zumo de naranja exprimido;55|150|210|20|5|120|100|10|30|100|200;
C;Ñoquis con pollo;Ñoquis de patata|Pan de semillas|Pechuga de pollo|Verdura congelada|Queso rallado (ingred.)|Aceite de oliva virgen ex.;260|80|185|200|15|18;
C;Lentejas con huevo;Lentejas cocidas (bote)|Arroz redondo Hacendado|Pan de semillas|Huevos|Verdura congelada|Aceite de oliva virgen ex.;250|60|80|180|150|24;
C;Pasta con ternera;Pasta integral|Tomate frito Hacendado|Pan de semillas|Ternera magra (babilla)|Champiñón laminado|Queso rallado (ingred.)|Aceite de oliva virgen ex.;110|100|80|170|150|15|10;
C;Batata con pollo;Batata doce congelada|Pan de semillas|Pechuga de pollo|Guisantes congelados|Aceite de oliva virgen ex.;260|80|210|120|15;
C;Arroz con salmón;Arroz redondo Hacendado|Pan de semillas|Salmón congelado hacendado|Verdura congelada|Aceite de oliva virgen ex.;110|80|200|200|5;
C;Pollo con patata y arroz;Patata|Arroz redondo Hacendado|Pan de semillas|Pechuga de pollo|Verduras asadas (batch)|Aceite de oliva virgen ex.;260|60|80|210|200|20;
C;Garbanzos con atún;Garbanzos cocidos (bote)|Patata|Pan de semillas|Atún claro al natural|Verduras asadas (batch)|Aceite de oliva virgen ex.;260|200|80|110|200|24;
C;Pasta con pollo;Pasta integral|Tomate frito Hacendado|Pan de semillas|Pechuga de pollo|Champiñón laminado|Aceite de oliva virgen ex.;110|100|80|170|200|15;
C;Arroz con pavo;Arroz redondo Hacendado|Pan de semillas|Filete de pavo|Verdura congelada|Aceite de oliva virgen ex.;110|80|215|250|20;
C;Merluza con patata y arroz;Patata|Arroz redondo Hacendado|Pan de semillas|Merluza congelada|Guisantes congelados|Aceite de oliva virgen ex.;260|60|80|195|220|25;
C;Garbanzos con pollo;Garbanzos cocidos (bote)|Patata|Pan de semillas|Pechuga de pollo|Tomate cherry|Aceite de oliva virgen ex.;260|200|80|170|200|15;
C;Batata con ternera;Batata doce congelada|Pan de semillas|Ternera magra (babilla)|Champiñón laminado|Aceite de oliva virgen ex.;260|80|175|250|20;
C;Lentejas con pavo;Lentejas cocidas (bote)|Arroz redondo Hacendado|Pan de semillas|Filete de pavo|Verdura congelada|Aceite de oliva virgen ex.;250|60|80|130|155|25;
C;Pasta con atún;Pasta integral|Tomate frito Hacendado|Pan de semillas|Atún claro al natural|Tomate cherry|Aceite de oliva virgen ex.;110|100|80|135|150|20;
S1;Nueces;Nueces;40;
S1;Almendras;Almendras;40;
S1;Mezcla;Nueces|Almendras;20|20;
S2;Bolsita de fruta;Bolsita de fruta;100;
S2;Bolsita grande;Bolsita de fruta;120;
S2;Plátano;Plátano;95;
N;Gazpacho y pollo;Gazpacho (brik)|Pechuga de pollo|Pan de semillas;250|150|85;
N;Arroz con pollo;Arroz redondo Hacendado|Pechuga de pollo|Verdura congelada;70|150|150;
N;Atún y gazpacho;Gazpacho (brik)|Atún claro al natural|Pan de semillas;250|145|85;
N;Alubias con huevo;Alubias cocidas (bote)|Huevos|Verdura congelada;240|130|120;
N;Ñoquis con pollo;Ñoquis de patata|Pechuga de pollo|Champiñón laminado;170|150|150;
N;Patata y huevos;Patata|Huevos|Filete de pavo;230|120|100;
N;Merluza con batata;Batata doce congelada|Merluza congelada|Guisantes congelados;125|210|150;
N;Pasta con pavo;Pasta integral|Tomate frito Hacendado|Filete de pavo|Guisantes congelados|Aceite de oliva virgen ex.;60|80|130|110|5;
N;Arroz con merluza;Arroz redondo Hacendado|Merluza congelada|Verdura congelada|Aceite de oliva virgen ex.;55|215|180|5;
N;Patata con atún;Patata|Atún claro al natural|Huevos|Tomate cherry;275|105|70|180;
N;Garbanzos con pavo;Garbanzos cocidos (bote)|Filete de pavo|Verdura congelada;270|110|100;
N;Lentejas con pollo;Lentejas cocidas (bote)|Pechuga de pollo|Champiñón laminado;300|125|100;
N;Alubias con pavo;Alubias cocidas (bote)|Filete de pavo|Champiñón laminado;330|110|100;
N;Ñoquis con ternera;Ñoquis de patata|Ternera magra (babilla)|Champiñón laminado;150|130|250;
T2;Frutos secos y bocadillo;Nueces|Bolsita de fruta|Tortitas de arroz integral|Pan de semillas|Pavo en lonchas;30|100|30|80|50;Bocadillo de pavo
T2;Botella y bocadillo;Batido proteínas (botella)|Almendras|Tortitas de arroz integral|Pan de semillas|Pavo en lonchas;330|20|30|80|50;Bocadillo de pavo
T2;Fruta, almendras y bocadillo;Almendras|Manzana|Tortitas de arroz integral|Pan de semillas|Pavo en lonchas;30|200|30|80|50;Bocadillo de pavo
T;Frutos secos, batido y bocadillo;Nueces|Plátano|Proteína en polvo|Tortitas de arroz integral|Pan de semillas|Jamón serrano (lonchas);32|100|20|30|80|40;Bocadillo de jamón
T;Botella, almendras y bocadillo;Batido proteínas (botella)|Almendras|Bolsita de fruta|Tortitas de arroz integral|Pan de semillas|Jamón serrano (lonchas);330|28|100|30|80|40;Bocadillo de jamón
T;Mezcla y bocadillo;Almendras|Nueces|Manzana|Proteína en polvo|Tortitas de arroz integral|Pan de semillas|Jamón serrano (lonchas);25|15|200|16|30|80|40;Bocadillo de jamón
Z;Kéfir con nueces;Kéfir natural|Proteína en polvo|Nueces;150|8|14;
Z;Leche;Leche semidesnatada|Proteína en polvo;300|19;
Z;Yogur;Yogur natural|Proteína en polvo;250|18;
C;Fajitas de pollo;Fajitas 100% integrales|Arroz redondo Hacendado|Pechuga de pollo|Pimiento y cebolla|Tomate frito Hacendado|Aceite de oliva virgen ex.;150|60|200|250|60|10;Arroz de acompañamiento
C;Fajitas de carne picada;Fajitas 100% integrales|Arroz redondo Hacendado|Carne picada vacuno y cerdo|Pimiento y cebolla|Tomate frito Hacendado|Yogur natural;150|50|170|250|60|100;El yogur natural hace de salsa en lugar de nata agria
